

-- Para la tabla cuentas
insert into accounts (customer_id, first_name, email, registration_date, password) values (11, 'Horatius', 'hpooke0@google.ru', '2022-02-11', 'E4LGm7');
insert into accounts (customer_id, first_name, email, registration_date, password) values (54, 'Elli', 'ecaig1@who.int', '2022-09-25', 'IdHdMXzUdr');
insert into accounts (customer_id, first_name, email, registration_date, password) values (9, 'Lisha', 'lzecchii2@youku.com', '2022-10-06', 'QNjRum0');
insert into accounts (customer_id, first_name, email, registration_date, password) values (35, 'Halli', 'hlazonby3@wikispaces.com', '2022-11-10', '5HMqgNlvz2A');
insert into accounts (customer_id, first_name, email, registration_date, password) values (63, 'Charmane', 'cblouet4@360.cn', '2022-06-14', 'AUvjVWWP0L');
insert into accounts (customer_id, first_name, email, registration_date, password) values (97, 'Artemas', 'alait5@google.nl', '2022-10-04', 'qXeRaYOCkc5');
insert into accounts (customer_id, first_name, email, registration_date, password) values (74, 'Emilee', 'etillman6@yellowbook.com', '2022-12-03', 'nLzkMc');
insert into accounts (customer_id, first_name, email, registration_date, password) values (16, 'Donni', 'dleaney7@moonfruit.com', '2022-01-31', '7xp1x1');
insert into accounts (customer_id, first_name, email, registration_date, password) values (76, 'Thorpe', 'tcaswell8@archive.org', '2022-09-30', 'TaA3PmDBfHk');
insert into accounts (customer_id, first_name, email, registration_date, password) values (95, 'Conant', 'cdicarlo9@netlog.com', '2022-09-02', 'UCBV3t9kPzfw');
insert into accounts (customer_id, first_name, email, registration_date, password) values (62, 'Blanca', 'bdobrovolnya@dedecms.com', '2022-05-17', 'QHs0aMymJP9');
insert into accounts (customer_id, first_name, email, registration_date, password) values (27, 'Rudolfo', 'rstanexb@hc360.com', '2022-11-28', 'SKqmqf');
insert into accounts (customer_id, first_name, email, registration_date, password) values (53, 'Halley', 'hpallisterc@wikipedia.org', '2022-10-14', 'nxMywy0p');
insert into accounts (customer_id, first_name, email, registration_date, password) values (5, 'Hobart', 'hlambled@google.co.uk', '2022-03-30', 'jFfWnN1rA');
insert into accounts (customer_id, first_name, email, registration_date, password) values (74, 'Rance', 'rrosenwassere@typepad.com', '2022-05-16', 'Jq1XZInoy');
insert into accounts (customer_id, first_name, email, registration_date, password) values (67, 'Teodor', 'thagleyf@altervista.org', '2022-12-02', 'frWM2q');
insert into accounts (customer_id, first_name, email, registration_date, password) values (98, 'Oona', 'okockg@liveinternet.ru', '2022-03-01', 'bScntD');
insert into accounts (customer_id, first_name, email, registration_date, password) values (85, 'Holden', 'hriefh@youtube.com', '2022-01-05', 'NhuUWDVxH');
insert into accounts (customer_id, first_name, email, registration_date, password) values (20, 'Corabella', 'cmaxfieldi@zimbio.com', '2022-03-14', 'EubuIh5g');
insert into accounts (customer_id, first_name, email, registration_date, password) values (19, 'Lanae', 'lmccaughenj@ebay.co.uk', '2022-12-26', 'DEnNyo');
insert into accounts (customer_id, first_name, email, registration_date, password) values (73, 'Wynne', 'wcohenk@yellowpages.com', '2022-10-27', 'vnc1PDJ');
insert into accounts (customer_id, first_name, email, registration_date, password) values (58, 'Randy', 'rrosebyl@nifty.com', '2022-09-23', 'oLYWOJW');
insert into accounts (customer_id, first_name, email, registration_date, password) values (33, 'Starlin', 'smillichipm@goodreads.com', '2022-10-14', 'H6mNBdBvT');
insert into accounts (customer_id, first_name, email, registration_date, password) values (2, 'Adore', 'alielln@ocn.ne.jp', '2022-07-24', '0IEAcNZ');
insert into accounts (customer_id, first_name, email, registration_date, password) values (18, 'Almeta', 'alamyo@blogtalkradio.com', '2022-07-05', 'Qx12z7pJm');
insert into accounts (customer_id, first_name, email, registration_date, password) values (3, 'Isobel', 'iharroldp@nature.com', '2022-03-08', 'hrt70OJa');
insert into accounts (customer_id, first_name, email, registration_date, password) values (87, 'Cammie', 'ckennerleyq@topsy.com', '2022-09-08', 'IEsdylt4glxK');
insert into accounts (customer_id, first_name, email, registration_date, password) values (72, 'Corella', 'cbrour@amazonaws.com', '2022-07-07', 'yEKX18Mh87f');
insert into accounts (customer_id, first_name, email, registration_date, password) values (83, 'Lenora', 'lbettisons@ask.com', '2022-05-18', 'xQGMkmGfSzS');
insert into accounts (customer_id, first_name, email, registration_date, password) values (8, 'Hestia', 'hstollmeyert@bbc.co.uk', '2022-04-12', 'MLO9o3n6REd');
insert into accounts (customer_id, first_name, email, registration_date, password) values (53, 'Ax', 'alevettu@tinypic.com', '2022-08-29', 'LTRGMBnCoh');
insert into accounts (customer_id, first_name, email, registration_date, password) values (59, 'Salli', 'sblantv@sourceforge.net', '2022-06-27', 'jmFpBf6Vzb');
insert into accounts (customer_id, first_name, email, registration_date, password) values (31, 'Yoko', 'yrubkew@arstechnica.com', '2022-03-16', 'g1UIqyGhyK');
insert into accounts (customer_id, first_name, email, registration_date, password) values (17, 'Rosaline', 'rlovedayx@reverbnation.com', '2022-10-18', 'ZZIFcPqU1s');
insert into accounts (customer_id, first_name, email, registration_date, password) values (47, 'Elenore', 'eeggertony@constantcontact.com', '2022-07-18', '6uMHXp');
insert into accounts (customer_id, first_name, email, registration_date, password) values (53, 'Ulrike', 'udavidiz@bigcartel.com', '2022-03-26', 'wbHElIvlg7');
insert into accounts (customer_id, first_name, email, registration_date, password) values (37, 'Pegeen', 'psuttaby10@msn.com', '2022-04-05', 'M2hRxIla9udv');
insert into accounts (customer_id, first_name, email, registration_date, password) values (84, 'Standford', 'sheggison11@yellowpages.com', '2022-09-09', '2WJgTLbH8gC');
insert into accounts (customer_id, first_name, email, registration_date, password) values (40, 'Eugenio', 'eforce12@desdev.cn', '2022-09-02', 'AUnaTM2m');
insert into accounts (customer_id, first_name, email, registration_date, password) values (16, 'Kirsti', 'krabbe13@pinterest.com', '2022-12-03', '03RIsZ');
insert into accounts (customer_id, first_name, email, registration_date, password) values (91, 'Ofella', 'osatchel14@oracle.com', '2022-02-21', 'EnTHADo3yL');
insert into accounts (customer_id, first_name, email, registration_date, password) values (11, 'Roberta', 'rcudbertson15@goodreads.com', '2022-06-14', 'HgKljBXXo');
insert into accounts (customer_id, first_name, email, registration_date, password) values (82, 'Della', 'dpimblett16@amazon.co.uk', '2022-11-23', '5Dk4PKqV2a');
insert into accounts (customer_id, first_name, email, registration_date, password) values (8, 'Sosanna', 'smoylane17@paypal.com', '2022-06-04', 'lDK38Kd');
insert into accounts (customer_id, first_name, email, registration_date, password) values (57, 'Rosalinda', 'rditch18@hhs.gov', '2022-08-30', 'jueHNHt');
insert into accounts (customer_id, first_name, email, registration_date, password) values (71, 'Marchelle', 'mwrey19@constantcontact.com', '2022-02-18', 'jUeZaUELTY');
insert into accounts (customer_id, first_name, email, registration_date, password) values (92, 'Nilson', 'npenny1a@gmpg.org', '2022-05-02', 'WM3poWu');
insert into accounts (customer_id, first_name, email, registration_date, password) values (14, 'Grayce', 'gmichelotti1b@toplist.cz', '2022-10-11', 'BipgqJ');
insert into accounts (customer_id, first_name, email, registration_date, password) values (21, 'Gaby', 'gglasscoe1c@hatena.ne.jp', '2022-05-14', '6f0eCG');
insert into accounts (customer_id, first_name, email, registration_date, password) values (1, 'Mario', 'mcomelli1d@studiopress.com', '2022-10-04', 'I9blPz8sdN');
insert into accounts (customer_id, first_name, email, registration_date, password) values (12, 'Palm', 'pparlatt1e@walmart.com', '2022-09-30', 'd8IIMjjX8');
insert into accounts (customer_id, first_name, email, registration_date, password) values (27, 'Elsie', 'emowett1f@acquirethisname.com', '2022-06-22', 'o5cIUscn');
insert into accounts (customer_id, first_name, email, registration_date, password) values (19, 'Merrick', 'mthairs1g@dot.gov', '2022-03-01', 'b3Zzks');
insert into accounts (customer_id, first_name, email, registration_date, password) values (88, 'Malanie', 'mreading1h@ning.com', '2022-09-29', 'rr9pYDF5');
insert into accounts (customer_id, first_name, email, registration_date, password) values (45, 'Leeland', 'ltomala1i@goo.ne.jp', '2022-07-29', 'ktjHnVQl7UD');
insert into accounts (customer_id, first_name, email, registration_date, password) values (62, 'Georgiana', 'gdebischop1j@bing.com', '2022-01-20', '76a1oRJJNvp');
insert into accounts (customer_id, first_name, email, registration_date, password) values (18, 'Kittie', 'kflippini1k@intel.com', '2022-01-03', '83kJ3lcAY');
insert into accounts (customer_id, first_name, email, registration_date, password) values (76, 'Zolly', 'zmabone1l@reuters.com', '2022-12-18', 'c819LymM');
insert into accounts (customer_id, first_name, email, registration_date, password) values (68, 'Darlene', 'dduke1m@nsw.gov.au', '2022-11-26', 'f6mRTxHU0r');
insert into accounts (customer_id, first_name, email, registration_date, password) values (9, 'Alvina', 'awiltsher1n@princeton.edu', '2022-05-12', 'xGWON47KSL');
insert into accounts (customer_id, first_name, email, registration_date, password) values (25, 'Aylmar', 'astockings1o@tiny.cc', '2022-09-29', 'NoZtu2rN');
insert into accounts (customer_id, first_name, email, registration_date, password) values (37, 'Jenica', 'jcouzens1p@reference.com', '2022-08-02', 'LzpNEXEUk');
insert into accounts (customer_id, first_name, email, registration_date, password) values (60, 'Nonnah', 'nodogherty1q@photobucket.com', '2022-08-26', '1ucfgvp');
insert into accounts (customer_id, first_name, email, registration_date, password) values (21, 'Renee', 'rhopfer1r@goo.ne.jp', '2022-09-16', 'V2yIf1lhivC');
insert into accounts (customer_id, first_name, email, registration_date, password) values (20, 'Claresta', 'croggieri1s@pagesperso-orange.fr', '2022-04-17', 'tZsopOv');
insert into accounts (customer_id, first_name, email, registration_date, password) values (39, 'Agata', 'abrinicombe1t@google.com.hk', '2022-04-29', 'KF398soqpNLr');
insert into accounts (customer_id, first_name, email, registration_date, password) values (66, 'Lucho', 'lgillion1u@tripadvisor.com', '2022-10-29', 'BK4YRVJDt');
insert into accounts (customer_id, first_name, email, registration_date, password) values (36, 'Wynne', 'wmilbank1v@privacy.gov.au', '2022-06-22', 'nYOROq5o');
insert into accounts (customer_id, first_name, email, registration_date, password) values (11, 'Charita', 'cgyford1w@nps.gov', '2022-11-14', 'ghtJk19eaCXE');
insert into accounts (customer_id, first_name, email, registration_date, password) values (33, 'Patin', 'pkehir1x@e-recht24.de', '2022-11-07', 'yWzRGZBZkY');
insert into accounts (customer_id, first_name, email, registration_date, password) values (29, 'Chrissie', 'cgockelen1y@comcast.net', '2022-10-30', '57Cx3UdG');
insert into accounts (customer_id, first_name, email, registration_date, password) values (76, 'Kory', 'kmcandie1z@un.org', '2022-01-27', 'iuC6nxAw8cFa');
insert into accounts (customer_id, first_name, email, registration_date, password) values (50, 'Basilio', 'bstotherfield20@hexun.com', '2022-07-26', 'DI3qq47w75Q');
insert into accounts (customer_id, first_name, email, registration_date, password) values (60, 'Rosette', 'rkenna21@dagondesign.com', '2022-09-30', 'Te3j84TW4oH');
insert into accounts (customer_id, first_name, email, registration_date, password) values (13, 'Ashla', 'aboyne22@irs.gov', '2022-02-09', 'plm2QNw5');
insert into accounts (customer_id, first_name, email, registration_date, password) values (85, 'Jessee', 'jwardingley23@exblog.jp', '2022-06-17', '08TRWUn95Aq');
insert into accounts (customer_id, first_name, email, registration_date, password) values (1, 'Carlie', 'ciozefovich24@123-reg.co.uk', '2022-01-06', 'y3EygBpm');
insert into accounts (customer_id, first_name, email, registration_date, password) values (92, 'Corabel', 'ccoffin25@example.com', '2022-04-24', 'aPNbW1w');
insert into accounts (customer_id, first_name, email, registration_date, password) values (14, 'Philomena', 'pbaldry26@mediafire.com', '2022-04-21', 'awT73AOz9Oz');
insert into accounts (customer_id, first_name, email, registration_date, password) values (47, 'Baillie', 'blipscomb27@wikipedia.org', '2022-10-26', 'hRT3PySX');
insert into accounts (customer_id, first_name, email, registration_date, password) values (35, 'Adrea', 'ascouler28@ucla.edu', '2022-08-12', 'uv2z2wE');
insert into accounts (customer_id, first_name, email, registration_date, password) values (33, 'Farra', 'fstallibrass29@columbia.edu', '2022-05-29', 'ROHe3aB');
insert into accounts (customer_id, first_name, email, registration_date, password) values (64, 'Viola', 'vlammin2a@ihg.com', '2022-10-10', 'BL7xcmn');
insert into accounts (customer_id, first_name, email, registration_date, password) values (87, 'Brandie', 'bguiden2b@samsung.com', '2022-04-09', '0AtT733z');
insert into accounts (customer_id, first_name, email, registration_date, password) values (74, 'Chere', 'cfallows2c@rediff.com', '2022-02-08', 'fbqqKm');
insert into accounts (customer_id, first_name, email, registration_date, password) values (60, 'Skye', 'ssmallpeice2d@taobao.com', '2022-01-17', 'dyXWEx6a');
insert into accounts (customer_id, first_name, email, registration_date, password) values (76, 'Michel', 'marmfield2e@prnewswire.com', '2022-11-10', 'hUfnRmEq');
insert into accounts (customer_id, first_name, email, registration_date, password) values (43, 'Raoul', 'rcampe2f@yale.edu', '2022-07-15', 'zBuIFx7L');
insert into accounts (customer_id, first_name, email, registration_date, password) values (96, 'Ilse', 'ieallis2g@ft.com', '2022-06-24', '5yaQsHm0sk');
insert into accounts (customer_id, first_name, email, registration_date, password) values (63, 'Lamont', 'lscare2h@china.com.cn', '2022-04-19', 'bk8YUDdsjvN5');
insert into accounts (customer_id, first_name, email, registration_date, password) values (31, 'Willetta', 'wszymanowski2i@google.ca', '2022-06-18', '1ZhPyyz6Us');
insert into accounts (customer_id, first_name, email, registration_date, password) values (15, 'Mollee', 'msilk2j@weebly.com', '2022-01-13', '7i1YcJ');
insert into accounts (customer_id, first_name, email, registration_date, password) values (66, 'Keeley', 'kblackall2k@fastcompany.com', '2022-12-06', 'CcbYNP0cE1');
insert into accounts (customer_id, first_name, email, registration_date, password) values (3, 'Patton', 'psnowman2l@alexa.com', '2022-03-24', 'uQ1K1Hs1b5I');
insert into accounts (customer_id, first_name, email, registration_date, password) values (45, 'Babbette', 'bmatterdace2m@icq.com', '2022-09-12', 'Um3lvOHf');
insert into accounts (customer_id, first_name, email, registration_date, password) values (79, 'Derrik', 'djagson2n@ifeng.com', '2022-11-20', 'RVAQtpD');
insert into accounts (customer_id, first_name, email, registration_date, password) values (87, 'Cecile', 'cmckendo2o@theatlantic.com', '2022-07-21', 'DkNHqPbgF');
insert into accounts (customer_id, first_name, email, registration_date, password) values (5, 'Alene', 'apittem2p@ihg.com', '2022-07-11', 'wT8dw3kOF6K');
insert into accounts (customer_id, first_name, email, registration_date, password) values (43, 'Margot', 'mchampley2q@biglobe.ne.jp', '2022-01-27', '3NlOf8mARR');
insert into accounts (customer_id, first_name, email, registration_date, password) values (76, 'Martha', 'mellum2r@feedburner.com', '2022-09-18', 'sKRheZU');

-- Para la tabla Suscripciones
insert into subscriptions (account_id, date_subscription, date_billing, payment_method, current_plan, price) values (44, '2022-01-07', '2022-09-06', 'Visa', '1 mes', 29.90);
insert into subscriptions (account_id, date_subscription, date_billing, payment_method, current_plan, price) values (10, '2022-11-19', '2022-01-31', 'MasterCard', '12 meses', 254.90);
insert into subscriptions (account_id, date_subscription, date_billing, payment_method, current_plan, price) values (35, '2022-05-30', '2022-12-05', 'PayPal', '3 meses', 79.90);
insert into subscriptions (account_id, date_subscription, date_billing, payment_method, current_plan, price) values (2, '2022-01-02', '2022-06-28', 'PayPal', '12 meses', 254.90);
insert into subscriptions (account_id, date_subscription, date_billing, payment_method, current_plan, price) values (46, '2022-05-19', '2022-03-28', 'Visa', '12 meses', 254.90);
insert into subscriptions (account_id, date_subscription, date_billing, payment_method, current_plan, price) values (62, '2022-02-10', '2022-11-11', 'PayPal', '3 meses', 79.90);
insert into subscriptions (account_id, date_subscription, date_billing, payment_method, current_plan, price) values (76, '2022-06-26', '2022-05-09', 'MasterCard', '12 meses', 254.90);
insert into subscriptions (account_id, date_subscription, date_billing, payment_method, current_plan, price) values (38, '2022-10-20', '2022-04-07', 'PayPal', '1 mes', 29.90);
insert into subscriptions (account_id, date_subscription, date_billing, payment_method, current_plan, price) values (23, '2022-10-22', '2022-02-25', 'MasterCard', '1 mes', 29.90);
insert into subscriptions (account_id, date_subscription, date_billing, payment_method, current_plan, price) values (96, '2022-11-28', '2022-10-03', 'PayPal', '1 mes', 29.90);
insert into subscriptions (account_id, date_subscription, date_billing, payment_method, current_plan, price) values (51, '2022-02-20', '2022-05-11', 'Visa', '1 mes', 29.90);
insert into subscriptions (account_id, date_subscription, date_billing, payment_method, current_plan, price) values (7, '2022-01-25', '2022-11-14', 'PayPal', '12 meses', 254.90);
insert into subscriptions (account_id, date_subscription, date_billing, payment_method, current_plan, price) values (100, '2022-08-16', '2022-01-19', 'PayPal', '1 mes', 29.90);
insert into subscriptions (account_id, date_subscription, date_billing, payment_method, current_plan, price) values (80, '2022-01-19', '2022-04-10', 'MasterCard', '12 meses', 254.90);
insert into subscriptions (account_id, date_subscription, date_billing, payment_method, current_plan, price) values (64, '2022-09-08', '2022-10-04', 'PayPal', '12 meses', 254.90);
insert into subscriptions (account_id, date_subscription, date_billing, payment_method, current_plan, price) values (15, '2022-03-17', '2022-09-14', 'PayPal', '1 mes', 29.90);
insert into subscriptions (account_id, date_subscription, date_billing, payment_method, current_plan, price) values (95, '2022-09-05', '2022-08-25', 'PayPal', '12 meses', 254.90);
insert into subscriptions (account_id, date_subscription, date_billing, payment_method, current_plan, price) values (79, '2022-01-02', '2022-11-25', 'PayPal', '12 meses', 254.90);
insert into subscriptions (account_id, date_subscription, date_billing, payment_method, current_plan, price) values (31, '2022-05-08', '2022-09-16', 'PayPal', '1 mes', 29.90);
insert into subscriptions (account_id, date_subscription, date_billing, payment_method, current_plan, price) values (17, '2022-11-22', '2022-10-25', 'MasterCard', '3 meses', 79.90);
insert into subscriptions (account_id, date_subscription, date_billing, payment_method, current_plan, price) values (27, '2022-06-19', '2022-03-25', 'Visa', '12 meses', 254.90);
insert into subscriptions (account_id, date_subscription, date_billing, payment_method, current_plan, price) values (34, '2022-03-14', '2022-10-06', 'PayPal', '1 mes', 29.90);
insert into subscriptions (account_id, date_subscription, date_billing, payment_method, current_plan, price) values (30, '2022-07-29', '2022-11-24', 'PayPal', '1 mes', 29.90);
insert into subscriptions (account_id, date_subscription, date_billing, payment_method, current_plan, price) values (58, '2022-03-16', '2022-07-29', 'PayPal', '12 meses', 254.90);
insert into subscriptions (account_id, date_subscription, date_billing, payment_method, current_plan, price) values (21, '2022-02-11', '2022-06-11', 'Visa', '1 mes', 29.90);
insert into subscriptions (account_id, date_subscription, date_billing, payment_method, current_plan, price) values (55, '2022-03-17', '2022-09-03', 'MasterCard', '12 meses', 254.90);
insert into subscriptions (account_id, date_subscription, date_billing, payment_method, current_plan, price) values (71, '2022-04-20', '2022-05-05', 'Visa', '12 meses', 254.90);
insert into subscriptions (account_id, date_subscription, date_billing, payment_method, current_plan, price) values (84, '2022-06-19', '2022-06-23', 'Visa', '12 meses', 254.90);
insert into subscriptions (account_id, date_subscription, date_billing, payment_method, current_plan, price) values (97, '2022-08-02', '2022-01-08', 'PayPal', '12 meses', 254.90);
insert into subscriptions (account_id, date_subscription, date_billing, payment_method, current_plan, price) values (47, '2022-03-24', '2022-10-31', 'PayPal', '3 meses', 79.90);
insert into subscriptions (account_id, date_subscription, date_billing, payment_method, current_plan, price) values (57, '2022-09-08', '2022-05-25', 'MasterCard', '12 meses', 254.90);
insert into subscriptions (account_id, date_subscription, date_billing, payment_method, current_plan, price) values (11, '2022-04-17', '2022-12-29', 'PayPal', '3 meses', 79.90);
insert into subscriptions (account_id, date_subscription, date_billing, payment_method, current_plan, price) values (89, '2022-12-29', '2022-10-02', 'Visa', '12 meses', 254.90);
insert into subscriptions (account_id, date_subscription, date_billing, payment_method, current_plan, price) values (8, '2022-07-12', '2022-05-21', 'MasterCard', '1 mes', 29.90);
insert into subscriptions (account_id, date_subscription, date_billing, payment_method, current_plan, price) values (52, '2022-08-17', '2022-10-05', 'PayPal', '12 meses', 254.90);
insert into subscriptions (account_id, date_subscription, date_billing, payment_method, current_plan, price) values (54, '2022-05-27', '2022-03-09', 'MasterCard', '1 mes', 29.90);
insert into subscriptions (account_id, date_subscription, date_billing, payment_method, current_plan, price) values (66, '2022-07-03', '2022-08-07', 'Visa', '12 meses', 254.90);
insert into subscriptions (account_id, date_subscription, date_billing, payment_method, current_plan, price) values (14, '2022-12-23', '2022-02-27', 'Visa', '3 meses', 79.90);
insert into subscriptions (account_id, date_subscription, date_billing, payment_method, current_plan, price) values (1, '2022-05-19', '2022-11-16', 'PayPal', '3 meses', 79.90);
insert into subscriptions (account_id, date_subscription, date_billing, payment_method, current_plan, price) values (42, '2022-12-23', '2022-12-27', 'MasterCard', '12 meses', 254.90);
insert into subscriptions (account_id, date_subscription, date_billing, payment_method, current_plan, price) values (67, '2022-09-16', '2022-08-07', 'MasterCard', '3 meses', 79.90);
insert into subscriptions (account_id, date_subscription, date_billing, payment_method, current_plan, price) values (33, '2022-02-14', '2022-09-06', 'Visa', '12 meses', 254.90);
insert into subscriptions (account_id, date_subscription, date_billing, payment_method, current_plan, price) values (93, '2022-01-02', '2022-04-11', 'Visa', '12 meses', 254.90);
insert into subscriptions (account_id, date_subscription, date_billing, payment_method, current_plan, price) values (49, '2022-12-21', '2022-08-16', 'MasterCard', '3 meses', 79.90);
insert into subscriptions (account_id, date_subscription, date_billing, payment_method, current_plan, price) values (24, '2022-12-14', '2022-03-12', 'Visa', '12 meses', 254.90);
insert into subscriptions (account_id, date_subscription, date_billing, payment_method, current_plan, price) values (6, '2022-06-01', '2022-08-02', 'MasterCard', '12 meses', 254.90);
insert into subscriptions (account_id, date_subscription, date_billing, payment_method, current_plan, price) values (32, '2022-04-06', '2022-09-20', 'MasterCard', '1 mes', 29.90);
insert into subscriptions (account_id, date_subscription, date_billing, payment_method, current_plan, price) values (56, '2022-05-19', '2022-02-01', 'Visa', '3 meses', 79.90);
insert into subscriptions (account_id, date_subscription, date_billing, payment_method, current_plan, price) values (37, '2022-08-30', '2022-12-27', 'PayPal', '3 meses', 79.90);
insert into subscriptions (account_id, date_subscription, date_billing, payment_method, current_plan, price) values (69, '2022-09-26', '2022-04-13', 'Visa', '12 meses', 254.90);
insert into subscriptions (account_id, date_subscription, date_billing, payment_method, current_plan, price) values (29, '2022-07-17', '2022-05-25', 'Visa', '3 meses', 79.90);
insert into subscriptions (account_id, date_subscription, date_billing, payment_method, current_plan, price) values (99, '2022-02-19', '2022-08-16', 'MasterCard', '12 meses', 254.90);
insert into subscriptions (account_id, date_subscription, date_billing, payment_method, current_plan, price) values (53, '2022-10-19', '2022-03-22', 'PayPal', '12 meses', 254.90);
insert into subscriptions (account_id, date_subscription, date_billing, payment_method, current_plan, price) values (26, '2022-10-10', '2022-05-05', 'MasterCard', '1 mes', 29.90);
insert into subscriptions (account_id, date_subscription, date_billing, payment_method, current_plan, price) values (88, '2022-04-26', '2022-05-21', 'PayPal', '1 mes', 29.90);
insert into subscriptions (account_id, date_subscription, date_billing, payment_method, current_plan, price) values (60, '2022-06-08', '2022-01-23', 'Visa', '1 mes', 29.90);
insert into subscriptions (account_id, date_subscription, date_billing, payment_method, current_plan, price) values (83, '2022-06-07', '2022-08-16', 'PayPal', '3 meses', 79.90);
insert into subscriptions (account_id, date_subscription, date_billing, payment_method, current_plan, price) values (45, '2022-05-10', '2022-02-07', 'Visa', '12 meses', 254.90);
insert into subscriptions (account_id, date_subscription, date_billing, payment_method, current_plan, price) values (73, '2022-12-25', '2022-11-24', 'PayPal', '1 mes', 29.90);
insert into subscriptions (account_id, date_subscription, date_billing, payment_method, current_plan, price) values (16, '2022-08-27', '2022-01-31', 'MasterCard', '12 meses', 254.90);
insert into subscriptions (account_id, date_subscription, date_billing, payment_method, current_plan, price) values (13, '2022-04-08', '2022-11-22', 'MasterCard', '12 meses', 254.90);
insert into subscriptions (account_id, date_subscription, date_billing, payment_method, current_plan, price) values (91, '2022-02-18', '2022-08-16', 'PayPal', '12 meses', 254.90);

-- Para la tabla perfiles
insert into profiles (subscription_id, name, color, category) values (37, 'kcorner0', 'Orange', 'Adulto');
insert into profiles (subscription_id, name, color, category) values (54, 'isaacp', 'Teal', 'Adulto');
insert into profiles (subscription_id, name, color, category) values (59, 'mshitliff1', 'Blue', 'Infantil');
insert into profiles (subscription_id, name, color, category) values (61, 'ojost2', 'Teal', 'Infantil');
insert into profiles (subscription_id, name, color, category) values (10, 'kanker3', 'Crimson', 'Adulto');
insert into profiles (subscription_id, name, color, category) values (21, 'ibeade4', 'Indigo', 'Infantil');
insert into profiles (subscription_id, name, color, category) values (41, 'ohuglin5', 'Aquamarine', 'Adulto');
insert into profiles (subscription_id, name, color, category) values (34, 'lbrookesbie6', 'Puce', 'Infantil');
insert into profiles (subscription_id, name, color, category) values (43, 'nscrace7', 'Mauv', 'Adulto');
insert into profiles (subscription_id, name, color, category) values (45, 'bscafe8', 'Red', 'Infantil');
insert into profiles (subscription_id, name, color, category) values (21, 'aplanke9', 'Khaki', 'Adulto');
insert into profiles (subscription_id, name, color, category) values (2, 'avardya', 'Aquamarine', 'Infantil');
insert into profiles (subscription_id, name, color, category) values (33, 'edugganb', 'Red', 'Adulto');
insert into profiles (subscription_id, name, color, category) values (45, 'bpetracekc', 'Pink', 'Infantil');
insert into profiles (subscription_id, name, color, category) values (14, 'vbarefordd', 'Puce', 'Infantil');
insert into profiles (subscription_id, name, color, category) values (42, 'tantonuttie', 'Mauv', 'Infantil');
insert into profiles (subscription_id, name, color, category) values (16, 'wmagennyf', 'Pink', 'Adulto');
insert into profiles (subscription_id, name, color, category) values (14, 'mhathwayg', 'Puce', 'Infantil');
insert into profiles (subscription_id, name, color, category) values (59, 'estobbsh', 'Fuscia', 'Infantil');
insert into profiles (subscription_id, name, color, category) values (47, 'bperuttoi', 'Maroon', 'Adulto');
insert into profiles (subscription_id, name, color, category) values (27, 'deilertj', 'Turquoise', 'Infantil');
insert into profiles (subscription_id, name, color, category) values (41, 'gphillippk', 'Teal', 'Adulto');
insert into profiles (subscription_id, name, color, category) values (46, 'chudell', 'Turquoise', 'Infantil');
insert into profiles (subscription_id, name, color, category) values (40, 'ccrosim', 'Teal', 'Infatil');
insert into profiles (subscription_id, name, color, category) values (16, 'mstoodn', 'Purple', 'Infantil');
insert into profiles (subscription_id, name, color, category) values (28, 'ypetrouliso', 'Indigo', 'Infantil');
insert into profiles (subscription_id, name, color, category) values (34, 'ebartolomieup', 'Khaki', 'Infantil');
insert into profiles (subscription_id, name, color, category) values (55, 'maesmery', 'Orange', 'Adulto');
insert into profiles (subscription_id, name, color, category) values (51, 'mbadseyq', 'Khaki', 'Adulto');
insert into profiles (subscription_id, name, color, category) values (27, 'dmcallanr', 'Green', 'Adulto');
insert into profiles (subscription_id, name, color, category) values (1, 'wdodss', 'Maroon', 'Infantil');
insert into profiles (subscription_id, name, color, category) values (5, 'daudreyt', 'Blue', 'Infantil');
insert into profiles (subscription_id, name, color, category) values (19, 'sjukubczaku', 'Purple', 'Adulto');
insert into profiles (subscription_id, name, color, category) values (32, 'bbrunov', 'Crimson', 'Infantil');
insert into profiles (subscription_id, name, color, category) values (6, 'hrahillw', 'Fuscia', 'Infantil');
insert into profiles (subscription_id, name, color, category) values (17, 'erumminsx', 'Turquoise', 'Adulto');
insert into profiles (subscription_id, name, color, category) values (32, 'jgelardiy', 'Green', 'Adulto');
insert into profiles (subscription_id, name, color, category) values (56, 'betpingo', 'Crimson', 'Infantil');
insert into profiles (subscription_id, name, color, category) values (15, 'hprobbingz', 'Aquamarine', 'Adulto');
insert into profiles (subscription_id, name, color, category) values (7, 'dsarrell10', 'Maroon', 'Infantil');
insert into profiles (subscription_id, name, color, category) values (39, 'cwhatmough11', 'Turquoise', 'Adulto');
insert into profiles (subscription_id, name, color, category) values (50, 'rpaulo12', 'Mauv', 'Infantil');
insert into profiles (subscription_id, name, color, category) values (24, 'alamy13', 'Aquamarine', 'Adulto');
insert into profiles (subscription_id, name, color, category) values (3, 'bdarley14', 'Purple', 'Infantil');
insert into profiles (subscription_id, name, color, category) values (61, 'frobson15', 'Green', 'Infantil');
insert into profiles (subscription_id, name, color, category) values (57, 'frnapof', 'Orange', 'Adulto');
insert into profiles (subscription_id, name, color, category) values (1, 'ddiruggero16', 'Maroon', 'Adulto');
insert into profiles (subscription_id, name, color, category) values (38, 'jsacks17', 'Fuscia', 'Infatil');
insert into profiles (subscription_id, name, color, category) values (9, 'mjoron18', 'Orange', 'Adulto');
insert into profiles (subscription_id, name, color, category) values (30, 'mpucker19', 'Green', 'Adulto');
insert into profiles (subscription_id, name, color, category) values (57, 'brendisgg', 'Blue', 'Adulto');
insert into profiles (subscription_id, name, color, category) values (43, 'lwoolam1a', 'Purple', 'Infantil');
insert into profiles (subscription_id, name, color, category) values (19, 'tfitch1b', 'Maroon', 'Adulto');
insert into profiles (subscription_id, name, color, category) values (24, 'ebarthelmes1c', 'Puce', 'Infantil');
insert into profiles (subscription_id, name, color, category) values (29, 'gmadders1d', 'Purple', 'Adulto');
insert into profiles (subscription_id, name, color, category) values (59, 'cmccooke1e', 'Puce', 'Infantil');
insert into profiles (subscription_id, name, color, category) values (7, 'bspiers1f', 'Red', 'Adulto');
insert into profiles (subscription_id, name, color, category) values (36, 'nscrange1g', 'Aquamarine', 'Adulto');
insert into profiles (subscription_id, name, color, category) values (45, 'htrapp1h', 'Fuscia', 'Infantil');
insert into profiles (subscription_id, name, color, category) values (8, 'cdakhno1i', 'Blue', 'Adulto');
insert into profiles (subscription_id, name, color, category) values (62, 'jericosk', 'Orange', 'Adulto');
insert into profiles (subscription_id, name, color, category) values (35, 'mkaye1j', 'Maroon', 'Infantil');
insert into profiles (subscription_id, name, color, category) values (24, 'malejo1k', 'Pink', 'Infantil');
insert into profiles (subscription_id, name, color, category) values (14, 'blestrange1l', 'Blue', 'Adulto');
insert into profiles (subscription_id, name, color, category) values (29, 'igentiry1m', 'Violet', 'Adulto');
insert into profiles (subscription_id, name, color, category) values (58, 'egiampietro1n', 'Violet', 'Infantil');
insert into profiles (subscription_id, name, color, category) values (13, 'rharrie1o', 'Mauv', 'Infantil');
insert into profiles (subscription_id, name, color, category) values (25, 'rdubois1p', 'Aquamarine', 'Adulto');
insert into profiles (subscription_id, name, color, category) values (15, 'cgrandham1q', 'Purple', 'Infantil');
insert into profiles (subscription_id, name, color, category) values (1, 'rhuton1r', 'Violet', 'Adulto');
insert into profiles (subscription_id, name, color, category) values (27, 'acadogan1s', 'Turquoise', 'Adulto');
insert into profiles (subscription_id, name, color, category) values (30, 'hkenward1t', 'Orange', 'Adulto');
insert into profiles (subscription_id, name, color, category) values (10, 'cobrien1u', 'Crimson', 'Infantil');
insert into profiles (subscription_id, name, color, category) values (23, 'tcloney1v', 'Orange', 'Infantil');
insert into profiles (subscription_id, name, color, category) values (16, 'khought1w', 'Turquoise', 'Adulto');
insert into profiles (subscription_id, name, color, category) values (26, 'dmapledoore1x', 'Blue', 'Adulto');
insert into profiles (subscription_id, name, color, category) values (4, 'jheild1y', 'Maroon', 'Adulto');
insert into profiles (subscription_id, name, color, category) values (28, 'kmuckeen1z', 'Pink', 'Adulto');
insert into profiles (subscription_id, name, color, category) values (11, 'klapre20', 'Aquamarine', 'Infantil');
insert into profiles (subscription_id, name, color, category) values (22, 'fgrangier21', 'Mauv', 'Infantil');
insert into profiles (subscription_id, name, color, category) values (52, 'lgreeve22', 'Goldenrod', 'Adulto');
insert into profiles (subscription_id, name, color, category) values (18, 'gmccloud23', 'Maroon', 'Infantil');
insert into profiles (subscription_id, name, color, category) values (23, 'dgasnoll24', 'Crimson', 'Adulto');
insert into profiles (subscription_id, name, color, category) values (26, 'rbuckston25', 'Blue', 'Adulto');
insert into profiles (subscription_id, name, color, category) values (34, 'ecaltera26', 'Pink', 'Infantil');
insert into profiles (subscription_id, name, color, category) values (19, 'vquenell27', 'Puce', 'Adulto');
insert into profiles (subscription_id, name, color, category) values (16, 'nexley28', 'Teal', 'Infantil');
insert into profiles (subscription_id, name, color, category) values (21, 'jhixley29', 'Indigo', 'Adulto');
insert into profiles (subscription_id, name, color, category) values (14, 'icastell2a', 'Teal', 'Adulto');
insert into profiles (subscription_id, name, color, category) values (31, 'lgammett2b', 'Aquamarine', 'Infantil');
insert into profiles (subscription_id, name, color, category) values (2, 'tsteward2c', 'Indigo', 'Infantil');
insert into profiles (subscription_id, name, color, category) values (51, 'elenchenko2d', 'Yellow', 'Adulto');
insert into profiles (subscription_id, name, color, category) values (13, 'llongland2e', 'Goldenrod', 'Adulto');
insert into profiles (subscription_id, name, color, category) values (33, 'livatt2f', 'Khaki', 'Adulto');
insert into profiles (subscription_id, name, color, category) values (60, 'niltnfkd', 'Orange', 'Adulto');
insert into profiles (subscription_id, name, color, category) values (20, 'jkearton2g', 'Puce', 'Infantil');
insert into profiles (subscription_id, name, color, category) values (19, 'bvenn2h', 'Maroon', 'Adulto');
insert into profiles (subscription_id, name, color, category) values (48, 'wvickerstaff2i', 'Indigo', 'Adulto');
insert into profiles (subscription_id, name, color, category) values (59, 'ddobeson2j', 'Fuscia', 'Adulto');
insert into profiles (subscription_id, name, color, category) values (51, 'mkerman2k', 'Green', 'Infantil');
insert into profiles (subscription_id, name, color, category) values (37, 'judithfkv', 'Blue', 'Adulto');
insert into profiles (subscription_id, name, color, category) values (12, 'jliccardi2l', 'Turquoise', 'Adulto');
insert into profiles (subscription_id, name, color, category) values (58, 'mcoling2m', 'Turquoise', 'Adulto');
insert into profiles (subscription_id, name, color, category) values (19, 'aaujean2n', 'Blue', 'Adulto');
insert into profiles (subscription_id, name, color, category) values (60, 'carmengk', 'Orange', 'Infantil');
insert into profiles (subscription_id, name, color, category) values (42, 'hwhelpton2o', 'Blue', 'Adulto');
insert into profiles (subscription_id, name, color, category) values (33, 'cpeto2p', 'Goldenrod', 'Adulto');
insert into profiles (subscription_id, name, color, category) values (10, 'akealy2q', 'Goldenrod', 'Adulto');
insert into profiles (subscription_id, name, color, category) values (5, 'ihemphall2r', 'Green', 'Adulto');
insert into profiles (subscription_id, name, color, category) values (53, 'kerenpin', 'Blue', 'Infantil');

-- Para la tabla perfiles_Series
insert into profiles_series (profile_id, serie_id) values (70, 37);
insert into profiles_series (profile_id, serie_id) values (29, 44);
insert into profiles_series (profile_id, serie_id) values (83, 14);
insert into profiles_series (profile_id, serie_id) values (34, 10);
insert into profiles_series (profile_id, serie_id) values (90, 62);
insert into profiles_series (profile_id, serie_id) values (36, 84);
insert into profiles_series (profile_id, serie_id) values (82, 85);
insert into profiles_series (profile_id, serie_id) values (73, 45);
insert into profiles_series (profile_id, serie_id) values (73, 89);
insert into profiles_series (profile_id, serie_id) values (23, 20);
insert into profiles_series (profile_id, serie_id) values (72, 59);
insert into profiles_series (profile_id, serie_id) values (13, 42);
insert into profiles_series (profile_id, serie_id) values (43, 43);
insert into profiles_series (profile_id, serie_id) values (65, 24);
insert into profiles_series (profile_id, serie_id) values (69, 18);
insert into profiles_series (profile_id, serie_id) values (79, 76);
insert into profiles_series (profile_id, serie_id) values (39, 100);
insert into profiles_series (profile_id, serie_id) values (11, 61);
insert into profiles_series (profile_id, serie_id) values (60, 55);
insert into profiles_series (profile_id, serie_id) values (6, 83);
insert into profiles_series (profile_id, serie_id) values (3, 13);
insert into profiles_series (profile_id, serie_id) values (76, 70);
insert into profiles_series (profile_id, serie_id) values (11, 69);
insert into profiles_series (profile_id, serie_id) values (56, 19);
insert into profiles_series (profile_id, serie_id) values (48, 58);
insert into profiles_series (profile_id, serie_id) values (23, 13);
insert into profiles_series (profile_id, serie_id) values (18, 8);
insert into profiles_series (profile_id, serie_id) values (2, 30);
insert into profiles_series (profile_id, serie_id) values (5, 15);
insert into profiles_series (profile_id, serie_id) values (21, 41);
insert into profiles_series (profile_id, serie_id) values (81, 62);
insert into profiles_series (profile_id, serie_id) values (87, 72);
insert into profiles_series (profile_id, serie_id) values (72, 66);
insert into profiles_series (profile_id, serie_id) values (45, 61);
insert into profiles_series (profile_id, serie_id) values (8, 1);
insert into profiles_series (profile_id, serie_id) values (39, 78);
insert into profiles_series (profile_id, serie_id) values (16, 54);
insert into profiles_series (profile_id, serie_id) values (79, 40);
insert into profiles_series (profile_id, serie_id) values (47, 37);
insert into profiles_series (profile_id, serie_id) values (55, 44);
insert into profiles_series (profile_id, serie_id) values (46, 73);
insert into profiles_series (profile_id, serie_id) values (41, 95);
insert into profiles_series (profile_id, serie_id) values (31, 90);
insert into profiles_series (profile_id, serie_id) values (46, 38);
insert into profiles_series (profile_id, serie_id) values (16, 66);
insert into profiles_series (profile_id, serie_id) values (35, 57);
insert into profiles_series (profile_id, serie_id) values (61, 91);
insert into profiles_series (profile_id, serie_id) values (67, 5);
insert into profiles_series (profile_id, serie_id) values (6, 72);
insert into profiles_series (profile_id, serie_id) values (80, 65);
insert into profiles_series (profile_id, serie_id) values (11, 30);
insert into profiles_series (profile_id, serie_id) values (88, 52);
insert into profiles_series (profile_id, serie_id) values (32, 71);
insert into profiles_series (profile_id, serie_id) values (17, 69);
insert into profiles_series (profile_id, serie_id) values (46, 58);
insert into profiles_series (profile_id, serie_id) values (37, 54);
insert into profiles_series (profile_id, serie_id) values (86, 63);
insert into profiles_series (profile_id, serie_id) values (22, 53);
insert into profiles_series (profile_id, serie_id) values (23, 39);
insert into profiles_series (profile_id, serie_id) values (35, 15);
insert into profiles_series (profile_id, serie_id) values (38, 91);
insert into profiles_series (profile_id, serie_id) values (1, 95);
insert into profiles_series (profile_id, serie_id) values (46, 59);
insert into profiles_series (profile_id, serie_id) values (9, 65);
insert into profiles_series (profile_id, serie_id) values (30, 52);
insert into profiles_series (profile_id, serie_id) values (39, 2);
insert into profiles_series (profile_id, serie_id) values (60, 12);
insert into profiles_series (profile_id, serie_id) values (82, 4);
insert into profiles_series (profile_id, serie_id) values (16, 72);
insert into profiles_series (profile_id, serie_id) values (24, 37);
insert into profiles_series (profile_id, serie_id) values (29, 8);
insert into profiles_series (profile_id, serie_id) values (38, 97);
insert into profiles_series (profile_id, serie_id) values (11, 86);
insert into profiles_series (profile_id, serie_id) values (39, 40);
insert into profiles_series (profile_id, serie_id) values (70, 94);
insert into profiles_series (profile_id, serie_id) values (45, 58);
insert into profiles_series (profile_id, serie_id) values (24, 85);
insert into profiles_series (profile_id, serie_id) values (89, 54);
insert into profiles_series (profile_id, serie_id) values (54, 36);
insert into profiles_series (profile_id, serie_id) values (65, 87);
insert into profiles_series (profile_id, serie_id) values (77, 39);
insert into profiles_series (profile_id, serie_id) values (47, 55);
insert into profiles_series (profile_id, serie_id) values (34, 13);
insert into profiles_series (profile_id, serie_id) values (68, 14);
insert into profiles_series (profile_id, serie_id) values (14, 19);
insert into profiles_series (profile_id, serie_id) values (58, 79);
insert into profiles_series (profile_id, serie_id) values (59, 54);
insert into profiles_series (profile_id, serie_id) values (32, 26);
insert into profiles_series (profile_id, serie_id) values (36, 75);
insert into profiles_series (profile_id, serie_id) values (11, 95);
insert into profiles_series (profile_id, serie_id) values (6, 78);
insert into profiles_series (profile_id, serie_id) values (89, 9);
insert into profiles_series (profile_id, serie_id) values (12, 47);
insert into profiles_series (profile_id, serie_id) values (74, 10);
insert into profiles_series (profile_id, serie_id) values (17, 49);
insert into profiles_series (profile_id, serie_id) values (31, 53);
insert into profiles_series (profile_id, serie_id) values (57, 50);
insert into profiles_series (profile_id, serie_id) values (50, 50);
insert into profiles_series (profile_id, serie_id) values (87, 29);
insert into profiles_series (profile_id, serie_id) values (11, 99);

-- Para la tabla perfiles_peliculas
insert into profiles_movies (profile_id, movie_id) values (83, 14);
insert into profiles_movies (profile_id, movie_id) values (6, 81);
insert into profiles_movies (profile_id, movie_id) values (98, 61);
insert into profiles_movies (profile_id, movie_id) values (20, 68);
insert into profiles_movies (profile_id, movie_id) values (62, 35);
insert into profiles_movies (profile_id, movie_id) values (33, 43);
insert into profiles_movies (profile_id, movie_id) values (2, 83);
insert into profiles_movies (profile_id, movie_id) values (59, 61);
insert into profiles_movies (profile_id, movie_id) values (6, 5);
insert into profiles_movies (profile_id, movie_id) values (57, 87);
insert into profiles_movies (profile_id, movie_id) values (68, 65);
insert into profiles_movies (profile_id, movie_id) values (67, 14);
insert into profiles_movies (profile_id, movie_id) values (40, 59);
insert into profiles_movies (profile_id, movie_id) values (11, 13);
insert into profiles_movies (profile_id, movie_id) values (88, 2);
insert into profiles_movies (profile_id, movie_id) values (35, 54);
insert into profiles_movies (profile_id, movie_id) values (7, 45);
insert into profiles_movies (profile_id, movie_id) values (27, 58);
insert into profiles_movies (profile_id, movie_id) values (58, 15);
insert into profiles_movies (profile_id, movie_id) values (48, 22);
insert into profiles_movies (profile_id, movie_id) values (13, 11);
insert into profiles_movies (profile_id, movie_id) values (51, 2);
insert into profiles_movies (profile_id, movie_id) values (11, 52);
insert into profiles_movies (profile_id, movie_id) values (32, 49);
insert into profiles_movies (profile_id, movie_id) values (34, 61);
insert into profiles_movies (profile_id, movie_id) values (98, 33);
insert into profiles_movies (profile_id, movie_id) values (32, 49);
insert into profiles_movies (profile_id, movie_id) values (42, 80);
insert into profiles_movies (profile_id, movie_id) values (26, 73);
insert into profiles_movies (profile_id, movie_id) values (97, 72);
insert into profiles_movies (profile_id, movie_id) values (24, 62);
insert into profiles_movies (profile_id, movie_id) values (81, 55);
insert into profiles_movies (profile_id, movie_id) values (15, 36);
insert into profiles_movies (profile_id, movie_id) values (20, 17);
insert into profiles_movies (profile_id, movie_id) values (46, 61);
insert into profiles_movies (profile_id, movie_id) values (64, 87);
insert into profiles_movies (profile_id, movie_id) values (97, 54);
insert into profiles_movies (profile_id, movie_id) values (93, 18);
insert into profiles_movies (profile_id, movie_id) values (53, 77);
insert into profiles_movies (profile_id, movie_id) values (20, 41);
insert into profiles_movies (profile_id, movie_id) values (19, 82);
insert into profiles_movies (profile_id, movie_id) values (94, 50);
insert into profiles_movies (profile_id, movie_id) values (52, 74);
insert into profiles_movies (profile_id, movie_id) values (17, 39);
insert into profiles_movies (profile_id, movie_id) values (74, 27);
insert into profiles_movies (profile_id, movie_id) values (53, 82);
insert into profiles_movies (profile_id, movie_id) values (71, 31);
insert into profiles_movies (profile_id, movie_id) values (29, 16);
insert into profiles_movies (profile_id, movie_id) values (28, 37);
insert into profiles_movies (profile_id, movie_id) values (4, 82);
insert into profiles_movies (profile_id, movie_id) values (34, 62);
insert into profiles_movies (profile_id, movie_id) values (12, 42);
insert into profiles_movies (profile_id, movie_id) values (7, 57);
insert into profiles_movies (profile_id, movie_id) values (18, 57);
insert into profiles_movies (profile_id, movie_id) values (43, 70);
insert into profiles_movies (profile_id, movie_id) values (60, 16);
insert into profiles_movies (profile_id, movie_id) values (62, 33);
insert into profiles_movies (profile_id, movie_id) values (8, 90);
insert into profiles_movies (profile_id, movie_id) values (50, 80);
insert into profiles_movies (profile_id, movie_id) values (20, 67);
insert into profiles_movies (profile_id, movie_id) values (45, 27);
insert into profiles_movies (profile_id, movie_id) values (39, 46);
insert into profiles_movies (profile_id, movie_id) values (45, 18);
insert into profiles_movies (profile_id, movie_id) values (50, 4);
insert into profiles_movies (profile_id, movie_id) values (63, 89);
insert into profiles_movies (profile_id, movie_id) values (72, 53);
insert into profiles_movies (profile_id, movie_id) values (47, 44);
insert into profiles_movies (profile_id, movie_id) values (39, 37);
insert into profiles_movies (profile_id, movie_id) values (58, 90);
insert into profiles_movies (profile_id, movie_id) values (4, 72);
insert into profiles_movies (profile_id, movie_id) values (92, 29);
insert into profiles_movies (profile_id, movie_id) values (62, 31);
insert into profiles_movies (profile_id, movie_id) values (46, 63);
insert into profiles_movies (profile_id, movie_id) values (41, 9);
insert into profiles_movies (profile_id, movie_id) values (16, 26);
insert into profiles_movies (profile_id, movie_id) values (71, 6);
insert into profiles_movies (profile_id, movie_id) values (94, 89);
insert into profiles_movies (profile_id, movie_id) values (90, 41);
insert into profiles_movies (profile_id, movie_id) values (2, 80);
insert into profiles_movies (profile_id, movie_id) values (24, 49);
insert into profiles_movies (profile_id, movie_id) values (75, 69);
insert into profiles_movies (profile_id, movie_id) values (8, 10);
insert into profiles_movies (profile_id, movie_id) values (17, 45);
insert into profiles_movies (profile_id, movie_id) values (9, 39);
insert into profiles_movies (profile_id, movie_id) values (30, 75);
insert into profiles_movies (profile_id, movie_id) values (86, 48);
insert into profiles_movies (profile_id, movie_id) values (95, 2);
insert into profiles_movies (profile_id, movie_id) values (60, 68);
insert into profiles_movies (profile_id, movie_id) values (50, 45);
insert into profiles_movies (profile_id, movie_id) values (54, 56);
insert into profiles_movies (profile_id, movie_id) values (24, 74);
insert into profiles_movies (profile_id, movie_id) values (33, 75);
insert into profiles_movies (profile_id, movie_id) values (96, 6);
insert into profiles_movies (profile_id, movie_id) values (84, 64);
insert into profiles_movies (profile_id, movie_id) values (4, 44);
insert into profiles_movies (profile_id, movie_id) values (89, 20);
insert into profiles_movies (profile_id, movie_id) values (83, 26);
insert into profiles_movies (profile_id, movie_id) values (59, 79);
insert into profiles_movies (profile_id, movie_id) values (38, 88);
insert into profiles_movies (profile_id, movie_id) values (20, 86);

-- Para la tabla lenguajes_peliculas
insert into languages_movies (language_id, movie_id) values (7, 17);
insert into languages_movies (language_id, movie_id) values (5, 72);
insert into languages_movies (language_id, movie_id) values (4, 51);
insert into languages_movies (language_id, movie_id) values (1, 32);
insert into languages_movies (language_id, movie_id) values (2, 24);
insert into languages_movies (language_id, movie_id) values (5, 36);
insert into languages_movies (language_id, movie_id) values (1, 31);
insert into languages_movies (language_id, movie_id) values (2, 81);
insert into languages_movies (language_id, movie_id) values (6, 85);
insert into languages_movies (language_id, movie_id) values (1, 23);
insert into languages_movies (language_id, movie_id) values (2, 54);
insert into languages_movies (language_id, movie_id) values (1, 66);
insert into languages_movies (language_id, movie_id) values (1, 77);
insert into languages_movies (language_id, movie_id) values (3, 17);
insert into languages_movies (language_id, movie_id) values (1, 84);
insert into languages_movies (language_id, movie_id) values (3, 64);
insert into languages_movies (language_id, movie_id) values (7, 81);
insert into languages_movies (language_id, movie_id) values (7, 69);
insert into languages_movies (language_id, movie_id) values (7, 55);
insert into languages_movies (language_id, movie_id) values (5, 34);
insert into languages_movies (language_id, movie_id) values (3, 31);
insert into languages_movies (language_id, movie_id) values (6, 57);
insert into languages_movies (language_id, movie_id) values (5, 52);
insert into languages_movies (language_id, movie_id) values (4, 32);
insert into languages_movies (language_id, movie_id) values (6, 65);
insert into languages_movies (language_id, movie_id) values (2, 79);
insert into languages_movies (language_id, movie_id) values (6, 13);
insert into languages_movies (language_id, movie_id) values (7, 16);
insert into languages_movies (language_id, movie_id) values (2, 13);
insert into languages_movies (language_id, movie_id) values (6, 39);
insert into languages_movies (language_id, movie_id) values (4, 43);
insert into languages_movies (language_id, movie_id) values (7, 55);
insert into languages_movies (language_id, movie_id) values (5, 15);
insert into languages_movies (language_id, movie_id) values (3, 45);
insert into languages_movies (language_id, movie_id) values (3, 57);
insert into languages_movies (language_id, movie_id) values (6, 13);
insert into languages_movies (language_id, movie_id) values (2, 55);
insert into languages_movies (language_id, movie_id) values (7, 42);
insert into languages_movies (language_id, movie_id) values (1, 58);
insert into languages_movies (language_id, movie_id) values (3, 89);
insert into languages_movies (language_id, movie_id) values (7, 86);
insert into languages_movies (language_id, movie_id) values (4, 75);
insert into languages_movies (language_id, movie_id) values (2, 70);
insert into languages_movies (language_id, movie_id) values (1, 73);
insert into languages_movies (language_id, movie_id) values (2, 26);
insert into languages_movies (language_id, movie_id) values (4, 57);
insert into languages_movies (language_id, movie_id) values (5, 8);
insert into languages_movies (language_id, movie_id) values (6, 66);
insert into languages_movies (language_id, movie_id) values (5, 9);
insert into languages_movies (language_id, movie_id) values (6, 48);
insert into languages_movies (language_id, movie_id) values (5, 33);
insert into languages_movies (language_id, movie_id) values (4, 6);
insert into languages_movies (language_id, movie_id) values (1, 88);
insert into languages_movies (language_id, movie_id) values (4, 1);
insert into languages_movies (language_id, movie_id) values (1, 89);
insert into languages_movies (language_id, movie_id) values (2, 54);
insert into languages_movies (language_id, movie_id) values (4, 60);
insert into languages_movies (language_id, movie_id) values (6, 56);
insert into languages_movies (language_id, movie_id) values (7, 26);
insert into languages_movies (language_id, movie_id) values (6, 77);
insert into languages_movies (language_id, movie_id) values (3, 80);
insert into languages_movies (language_id, movie_id) values (6, 67);
insert into languages_movies (language_id, movie_id) values (3, 18);
insert into languages_movies (language_id, movie_id) values (5, 16);
insert into languages_movies (language_id, movie_id) values (2, 51);
insert into languages_movies (language_id, movie_id) values (4, 6);
insert into languages_movies (language_id, movie_id) values (4, 10);
insert into languages_movies (language_id, movie_id) values (7, 42);
insert into languages_movies (language_id, movie_id) values (7, 62);
insert into languages_movies (language_id, movie_id) values (1, 53);
insert into languages_movies (language_id, movie_id) values (7, 77);
insert into languages_movies (language_id, movie_id) values (4, 40);
insert into languages_movies (language_id, movie_id) values (7, 5);
insert into languages_movies (language_id, movie_id) values (7, 12);
insert into languages_movies (language_id, movie_id) values (1, 41);
insert into languages_movies (language_id, movie_id) values (7, 20);
insert into languages_movies (language_id, movie_id) values (4, 13);
insert into languages_movies (language_id, movie_id) values (6, 45);
insert into languages_movies (language_id, movie_id) values (5, 11);
insert into languages_movies (language_id, movie_id) values (6, 45);
insert into languages_movies (language_id, movie_id) values (1, 1);
insert into languages_movies (language_id, movie_id) values (1, 3);
insert into languages_movies (language_id, movie_id) values (4, 15);
insert into languages_movies (language_id, movie_id) values (7, 25);
insert into languages_movies (language_id, movie_id) values (1, 67);
insert into languages_movies (language_id, movie_id) values (7, 35);
insert into languages_movies (language_id, movie_id) values (7, 88);
insert into languages_movies (language_id, movie_id) values (5, 34);
insert into languages_movies (language_id, movie_id) values (1, 42);
insert into languages_movies (language_id, movie_id) values (6, 77);
insert into languages_movies (language_id, movie_id) values (3, 35);
insert into languages_movies (language_id, movie_id) values (6, 69);
insert into languages_movies (language_id, movie_id) values (4, 39);
insert into languages_movies (language_id, movie_id) values (1, 84);
insert into languages_movies (language_id, movie_id) values (2, 52);
insert into languages_movies (language_id, movie_id) values (4, 81);
insert into languages_movies (language_id, movie_id) values (5, 70);
insert into languages_movies (language_id, movie_id) values (3, 54);
insert into languages_movies (language_id, movie_id) values (2, 11);
insert into languages_movies (language_id, movie_id) values (5, 77);

-- Para la tabla lenguajes_Series
insert into languages_series (language_id, serie_id) values (4, 64);
insert into languages_series (language_id, serie_id) values (2, 46);
insert into languages_series (language_id, serie_id) values (4, 87);
insert into languages_series (language_id, serie_id) values (3, 33);
insert into languages_series (language_id, serie_id) values (2, 50);
insert into languages_series (language_id, serie_id) values (4, 21);
insert into languages_series (language_id, serie_id) values (2, 60);
insert into languages_series (language_id, serie_id) values (6, 72);
insert into languages_series (language_id, serie_id) values (1, 8);
insert into languages_series (language_id, serie_id) values (3, 79);
insert into languages_series (language_id, serie_id) values (7, 57);
insert into languages_series (language_id, serie_id) values (1, 90);
insert into languages_series (language_id, serie_id) values (4, 63);
insert into languages_series (language_id, serie_id) values (5, 16);
insert into languages_series (language_id, serie_id) values (1, 92);
insert into languages_series (language_id, serie_id) values (4, 9);
insert into languages_series (language_id, serie_id) values (4, 83);
insert into languages_series (language_id, serie_id) values (6, 96);
insert into languages_series (language_id, serie_id) values (1, 69);
insert into languages_series (language_id, serie_id) values (2, 17);
insert into languages_series (language_id, serie_id) values (3, 100);
insert into languages_series (language_id, serie_id) values (6, 69);
insert into languages_series (language_id, serie_id) values (4, 32);
insert into languages_series (language_id, serie_id) values (1, 36);
insert into languages_series (language_id, serie_id) values (1, 1);
insert into languages_series (language_id, serie_id) values (1, 93);
insert into languages_series (language_id, serie_id) values (2, 37);
insert into languages_series (language_id, serie_id) values (6, 31);
insert into languages_series (language_id, serie_id) values (4, 46);
insert into languages_series (language_id, serie_id) values (1, 74);
insert into languages_series (language_id, serie_id) values (2, 30);
insert into languages_series (language_id, serie_id) values (7, 63);
insert into languages_series (language_id, serie_id) values (7, 92);
insert into languages_series (language_id, serie_id) values (3, 3);
insert into languages_series (language_id, serie_id) values (4, 40);
insert into languages_series (language_id, serie_id) values (6, 55);
insert into languages_series (language_id, serie_id) values (1, 57);
insert into languages_series (language_id, serie_id) values (7, 6);
insert into languages_series (language_id, serie_id) values (6, 51);
insert into languages_series (language_id, serie_id) values (2, 12);
insert into languages_series (language_id, serie_id) values (5, 29);
insert into languages_series (language_id, serie_id) values (4, 21);
insert into languages_series (language_id, serie_id) values (2, 90);
insert into languages_series (language_id, serie_id) values (1, 78);
insert into languages_series (language_id, serie_id) values (2, 5);
insert into languages_series (language_id, serie_id) values (4, 7);
insert into languages_series (language_id, serie_id) values (5, 24);
insert into languages_series (language_id, serie_id) values (2, 90);
insert into languages_series (language_id, serie_id) values (5, 70);
insert into languages_series (language_id, serie_id) values (6, 72);
insert into languages_series (language_id, serie_id) values (7, 40);
insert into languages_series (language_id, serie_id) values (5, 63);
insert into languages_series (language_id, serie_id) values (6, 52);
insert into languages_series (language_id, serie_id) values (3, 93);
insert into languages_series (language_id, serie_id) values (5, 68);
insert into languages_series (language_id, serie_id) values (6, 43);
insert into languages_series (language_id, serie_id) values (3, 19);
insert into languages_series (language_id, serie_id) values (1, 83);
insert into languages_series (language_id, serie_id) values (6, 65);
insert into languages_series (language_id, serie_id) values (5, 96);
insert into languages_series (language_id, serie_id) values (5, 71);
insert into languages_series (language_id, serie_id) values (5, 99);
insert into languages_series (language_id, serie_id) values (5, 52);
insert into languages_series (language_id, serie_id) values (3, 6);
insert into languages_series (language_id, serie_id) values (7, 83);
insert into languages_series (language_id, serie_id) values (7, 19);
insert into languages_series (language_id, serie_id) values (2, 50);
insert into languages_series (language_id, serie_id) values (2, 73);
insert into languages_series (language_id, serie_id) values (7, 63);
insert into languages_series (language_id, serie_id) values (1, 30);
insert into languages_series (language_id, serie_id) values (4, 31);
insert into languages_series (language_id, serie_id) values (4, 58);
insert into languages_series (language_id, serie_id) values (7, 30);
insert into languages_series (language_id, serie_id) values (2, 19);
insert into languages_series (language_id, serie_id) values (3, 44);
insert into languages_series (language_id, serie_id) values (6, 6);
insert into languages_series (language_id, serie_id) values (1, 79);
insert into languages_series (language_id, serie_id) values (7, 15);
insert into languages_series (language_id, serie_id) values (3, 59);
insert into languages_series (language_id, serie_id) values (4, 74);
insert into languages_series (language_id, serie_id) values (4, 24);
insert into languages_series (language_id, serie_id) values (1, 70);
insert into languages_series (language_id, serie_id) values (7, 52);
insert into languages_series (language_id, serie_id) values (7, 16);
insert into languages_series (language_id, serie_id) values (4, 23);
insert into languages_series (language_id, serie_id) values (1, 60);
insert into languages_series (language_id, serie_id) values (2, 25);
insert into languages_series (language_id, serie_id) values (6, 15);
insert into languages_series (language_id, serie_id) values (1, 5);
insert into languages_series (language_id, serie_id) values (5, 93);
insert into languages_series (language_id, serie_id) values (5, 15);
insert into languages_series (language_id, serie_id) values (1, 60);
insert into languages_series (language_id, serie_id) values (3, 88);
insert into languages_series (language_id, serie_id) values (1, 25);
insert into languages_series (language_id, serie_id) values (6, 10);
insert into languages_series (language_id, serie_id) values (6, 88);
insert into languages_series (language_id, serie_id) values (4, 26);
insert into languages_series (language_id, serie_id) values (2, 16);
insert into languages_series (language_id, serie_id) values (6, 26);
insert into languages_series (language_id, serie_id) values (7, 18);

-- Para la tabla series_categorias
insert into series_categories (serie_id, category_id) values (21, 9);
insert into series_categories (serie_id, category_id) values (18, 4);
insert into series_categories (serie_id, category_id) values (55, 13);
insert into series_categories (serie_id, category_id) values (96, 1);
insert into series_categories (serie_id, category_id) values (41, 14);
insert into series_categories (serie_id, category_id) values (23, 7);
insert into series_categories (serie_id, category_id) values (47, 12);
insert into series_categories (serie_id, category_id) values (37, 3);
insert into series_categories (serie_id, category_id) values (4, 14);
insert into series_categories (serie_id, category_id) values (88, 11);
insert into series_categories (serie_id, category_id) values (7, 15);
insert into series_categories (serie_id, category_id) values (44, 9);
insert into series_categories (serie_id, category_id) values (31, 8);
insert into series_categories (serie_id, category_id) values (60, 5);
insert into series_categories (serie_id, category_id) values (5, 2);
insert into series_categories (serie_id, category_id) values (45, 5);
insert into series_categories (serie_id, category_id) values (51, 15);
insert into series_categories (serie_id, category_id) values (84, 15);
insert into series_categories (serie_id, category_id) values (56, 2);
insert into series_categories (serie_id, category_id) values (89, 11);
insert into series_categories (serie_id, category_id) values (80, 7);
insert into series_categories (serie_id, category_id) values (41, 9);
insert into series_categories (serie_id, category_id) values (34, 8);
insert into series_categories (serie_id, category_id) values (4, 8);
insert into series_categories (serie_id, category_id) values (23, 3);
insert into series_categories (serie_id, category_id) values (25, 8);
insert into series_categories (serie_id, category_id) values (86, 9);
insert into series_categories (serie_id, category_id) values (14, 5);
insert into series_categories (serie_id, category_id) values (75, 2);
insert into series_categories (serie_id, category_id) values (33, 5);
insert into series_categories (serie_id, category_id) values (90, 14);
insert into series_categories (serie_id, category_id) values (31, 8);
insert into series_categories (serie_id, category_id) values (39, 3);
insert into series_categories (serie_id, category_id) values (67, 3);
insert into series_categories (serie_id, category_id) values (7, 3);
insert into series_categories (serie_id, category_id) values (1, 12);
insert into series_categories (serie_id, category_id) values (15, 15);
insert into series_categories (serie_id, category_id) values (37, 12);
insert into series_categories (serie_id, category_id) values (22, 8);
insert into series_categories (serie_id, category_id) values (69, 14);
insert into series_categories (serie_id, category_id) values (8, 3);
insert into series_categories (serie_id, category_id) values (63, 1);
insert into series_categories (serie_id, category_id) values (51, 8);
insert into series_categories (serie_id, category_id) values (26, 10);
insert into series_categories (serie_id, category_id) values (86, 14);
insert into series_categories (serie_id, category_id) values (13, 5);
insert into series_categories (serie_id, category_id) values (99, 12);
insert into series_categories (serie_id, category_id) values (9, 13);
insert into series_categories (serie_id, category_id) values (8, 13);
insert into series_categories (serie_id, category_id) values (34, 9);
insert into series_categories (serie_id, category_id) values (58, 1);
insert into series_categories (serie_id, category_id) values (90, 11);
insert into series_categories (serie_id, category_id) values (93, 9);
insert into series_categories (serie_id, category_id) values (41, 1);
insert into series_categories (serie_id, category_id) values (9, 11);
insert into series_categories (serie_id, category_id) values (54, 6);
insert into series_categories (serie_id, category_id) values (6, 3);
insert into series_categories (serie_id, category_id) values (22, 15);
insert into series_categories (serie_id, category_id) values (88, 14);
insert into series_categories (serie_id, category_id) values (65, 12);
insert into series_categories (serie_id, category_id) values (73, 13);
insert into series_categories (serie_id, category_id) values (18, 11);
insert into series_categories (serie_id, category_id) values (34, 10);
insert into series_categories (serie_id, category_id) values (21, 6);
insert into series_categories (serie_id, category_id) values (87, 8);
insert into series_categories (serie_id, category_id) values (26, 1);
insert into series_categories (serie_id, category_id) values (76, 8);
insert into series_categories (serie_id, category_id) values (59, 15);
insert into series_categories (serie_id, category_id) values (28, 5);
insert into series_categories (serie_id, category_id) values (21, 1);
insert into series_categories (serie_id, category_id) values (49, 2);
insert into series_categories (serie_id, category_id) values (63, 6);
insert into series_categories (serie_id, category_id) values (76, 9);
insert into series_categories (serie_id, category_id) values (51, 7);
insert into series_categories (serie_id, category_id) values (6, 6);
insert into series_categories (serie_id, category_id) values (7, 3);
insert into series_categories (serie_id, category_id) values (82, 13);
insert into series_categories (serie_id, category_id) values (89, 15);
insert into series_categories (serie_id, category_id) values (64, 1);
insert into series_categories (serie_id, category_id) values (5, 4);
insert into series_categories (serie_id, category_id) values (16, 13);
insert into series_categories (serie_id, category_id) values (85, 6);
insert into series_categories (serie_id, category_id) values (33, 6);
insert into series_categories (serie_id, category_id) values (84, 12);
insert into series_categories (serie_id, category_id) values (51, 12);
insert into series_categories (serie_id, category_id) values (1, 9);
insert into series_categories (serie_id, category_id) values (68, 15);
insert into series_categories (serie_id, category_id) values (55, 3);
insert into series_categories (serie_id, category_id) values (66, 6);
insert into series_categories (serie_id, category_id) values (85, 5);
insert into series_categories (serie_id, category_id) values (64, 1);
insert into series_categories (serie_id, category_id) values (46, 5);
insert into series_categories (serie_id, category_id) values (4, 9);
insert into series_categories (serie_id, category_id) values (37, 4);
insert into series_categories (serie_id, category_id) values (42, 6);
insert into series_categories (serie_id, category_id) values (88, 14);
insert into series_categories (serie_id, category_id) values (46, 15);
insert into series_categories (serie_id, category_id) values (53, 4);
insert into series_categories (serie_id, category_id) values (4, 7);
insert into series_categories (serie_id, category_id) values (59, 9);

